source_start,source_end,classification,reason
1,6,現行表現への整理／履歴除去,文書版・名前空間v1、規範性・未確定spec・非互換条件を定義。経緯削除。
29,44,現行表現への整理／履歴除去,改訂判断を現行の10基本契約へ整理。
73,73,現行表現への整理／履歴除去,現在の契約・制約・状態を保持し、経緯と旧版参照を除去。
587,587,現行表現への整理／履歴除去,現在の契約・制約・状態を保持し、経緯と旧版参照を除去。
832,832,現行表現への整理／履歴除去,現在の契約・制約・状態を保持し、経緯と旧版参照を除去。
862,862,現行表現への整理／履歴除去,現在の契約・制約・状態を保持し、経緯と旧版参照を除去。
870,870,現行表現への整理／履歴除去,現在の契約・制約・状態を保持し、経緯と旧版参照を除去。
876,876,現行表現への整理／履歴除去,現在の契約・制約・状態を保持し、経緯と旧版参照を除去。
925,925,現行表現への整理／履歴除去,現在の契約・制約・状態を保持し、経緯と旧版参照を除去。
927,927,現行表現への整理／履歴除去,現在の契約・制約・状態を保持し、経緯と旧版参照を除去。
931,931,現行表現への整理／履歴除去,現在の契約・制約・状態を保持し、経緯と旧版参照を除去。
944,944,現行表現への整理／履歴除去,現在の契約・制約・状態を保持し、経緯と旧版参照を除去。
948,948,現行表現への整理／履歴除去,現在の契約・制約・状態を保持し、経緯と旧版参照を除去。
950,950,現行表現への整理／履歴除去,現在の契約・制約・状態を保持し、経緯と旧版参照を除去。
963,963,現行表現への整理／履歴除去,現在の契約・制約・状態を保持し、経緯と旧版参照を除去。
990,990,現行表現への整理／履歴除去,現在の契約・制約・状態を保持し、経緯と旧版参照を除去。
1053,1053,現行表現への整理／履歴除去,現在の契約・制約・状態を保持し、経緯と旧版参照を除去。
1091,1091,現行表現への整理／履歴除去,現在の契約・制約・状態を保持し、経緯と旧版参照を除去。
1172,1172,現行表現への整理／履歴除去,現在の契約・制約・状態を保持し、経緯と旧版参照を除去。
1226,1226,現行表現への整理／履歴除去,現在の契約・制約・状態を保持し、経緯と旧版参照を除去。
1237,1237,現行表現への整理／履歴除去,現在の契約・制約・状態を保持し、経緯と旧版参照を除去。
1253,1253,現行表現への整理／履歴除去,現在の契約・制約・状態を保持し、経緯と旧版参照を除去。
1255,1255,現行表現への整理／履歴除去,現在の契約・制約・状態を保持し、経緯と旧版参照を除去。
1264,1264,現行表現への整理／履歴除去,現在の契約・制約・状態を保持し、経緯と旧版参照を除去。
1285,1285,現行表現への整理／履歴除去,現在の契約・制約・状態を保持し、経緯と旧版参照を除去。
1287,1287,現行表現への整理／履歴除去,現在の契約・制約・状態を保持し、経緯と旧版参照を除去。
1374,1374,現行表現への整理／履歴除去,現在の契約・制約・状態を保持し、経緯と旧版参照を除去。
1378,1378,現行表現への整理／履歴除去,現在の契約・制約・状態を保持し、経緯と旧版参照を除去。
1382,1451,現行表現への整理／履歴除去,履歴を除去し、現行のartifact同一性・限定検査範囲・未達条件へ統合。
1,1451,成果物名前空間v1化,codec、契約、schema、研究arm、検証段階、hash domain、本文の版ラベルをv1へ統一。
