v1_case,kind,source_index,input_changed,expected_changed
v1-C001,schema,1,True,False
v1-C002,schema,2,True,False
v1-C003,schema,3,True,False
v1-C004,schema,4,True,False
v1-C005,schema,5,True,False
v1-C006,schema,6,True,False
v1-C007,schema,7,True,False
v1-C008,schema,8,True,False
v1-C009,schema,9,True,False
v1-C010,schema,10,True,False
v1-C011,schema,11,True,False
v1-C012,schema,12,True,False
v1-C013,schema,13,True,False
v1-C014,schema,14,True,False
v1-C015,schema,15,True,False
v1-C016,schema,16,True,False
v1-C017,schema,17,True,False
v1-C018,schema,18,True,False
v1-C019,schema,19,True,False
v1-C020,schema,20,True,False
v1-C021,schema,21,True,False
v1-C022,schema,22,True,False
v1-C023,schema,23,True,False
v1-C024,schema,24,True,False
v1-C025,schema,25,True,False
v1-C026,schema,26,True,False
v1-C027,schema,27,True,False
v1-C028,schema,28,True,False
v1-C029,ast_shape_model,29,True,False
v1-C030,schema,30,True,False
v1-C031,ast_shape_model,31,True,False
v1-C032,ast_shape_model,32,True,False
v1-C033,ast_shape_model,33,True,False
v1-C034,type_trace_model,34,False,False
v1-C035,type_trace_model,35,False,False
v1-C036,type_trace_model,36,False,False
v1-C037,type_trace_model,37,False,False
v1-C038,type_trace_model,38,False,False
v1-C039,type_trace_model,39,False,False
v1-C040,type_trace_model,40,False,False
v1-C041,type_trace_model,41,False,False
v1-C042,type_trace_model,42,False,False
v1-C043,type_trace_model,43,False,False
v1-C044,admission_model,44,False,False
v1-C045,admission_model,45,False,False
v1-C046,recovery_model,46,False,False
v1-C047,recovery_model,47,False,False
v1-C048,recovery_model,48,False,False
v1-C049,recovery_model,49,False,False
v1-C050,recovery_model,50,False,False
v1-C051,source_boundary,51,False,False
v1-C052,int_boundary,52,False,False
v1-C053,episode_aggregation,53,False,False
v1-C054,episode_aggregation,54,False,False
v1-C055,budget_vector,55,False,False
v1-C056,budget_vector,56,False,False
v1-C057,decoded_duplicate_demo,57,False,False
v1-C058,input_admission_model,58,False,False
v1-C059,input_admission_model,59,False,False
v1-C060,input_admission_model,60,False,False
v1-C061,input_admission_model,61,False,False
v1-C062,input_admission_model,62,False,False
v1-C063,input_admission_model,63,False,False
v1-C064,input_admission_model,64,False,False
v1-C065,input_admission_model,65,False,False
v1-C066,input_admission_model,66,False,False
v1-C067,input_admission_model,67,False,False
v1-C068,input_admission_model,68,False,False
v1-C069,input_admission_model,69,False,False
v1-C070,input_admission_model,70,False,False
v1-C071,input_admission_model,71,False,False
v1-C072,input_admission_model,72,False,False
v1-C073,input_admission_model,73,False,False
v1-C074,input_admission_model,74,False,False
v1-C075,json_scalar_stage_model,75,False,False
v1-C076,json_scalar_stage_model,76,False,False
v1-C077,json_scalar_stage_model,77,False,False
v1-C078,json_scalar_stage_model,78,False,False
v1-C079,json_scalar_stage_model,79,False,False
v1-C080,json_scalar_stage_model,80,False,False
v1-C081,json_scalar_stage_model,81,False,False
v1-C082,budget_end_model,82,False,False
v1-C083,budget_end_model,83,False,False
v1-C084,budget_end_model,84,False,False
v1-C085,budget_end_model,85,False,False
v1-C086,budget_end_model,86,False,False
v1-C087,budget_vector,87,False,False
v1-C088,budget_vector,88,False,False
v1-C089,spec_bound_preimage_model,89,False,True
v1-C090,spec_bound_version_separation,90,False,False
v1-C091,spec_bound_preimage_model,91,False,False
v1-C092,spec_bound_preimage_model,92,False,False
